<?xml version="1.0" encoding="UTF-8"?>
<!DOCTYPE properties SYSTEM "http://java.sun.com/dtd/properties.dtd">
<properties>
  <comment>DDL statements for user database using GeoStore Database</comment>
  <entry key="check.table">user_props</entry>
  <entry key="users.create">
    create table gs_user (
        id number(19,0) not null,
        name varchar2(20 char) not null,
        user_password varchar2(255 char),
        user_role varchar2(255 char) not null,
        group_id number(19,0),
		enabled char(1) NOT NULL DEFAULT 'Y',
        primary key (id),
        unique (name)
    );
  </entry>
  <entry key="userprops.create">
    create table gs_user_attribute (
        id number(19,0) not null,
        name varchar2(255 char) not null,
        string varchar2(255 char),
        user_id number(19,0) not null,
        primary key (id),
        unique (name, user_id)
    );
  </entry>
  <entry key="groups.create">
    create table gs_usergroup (
        id number(19,0) not null,
        groupName varchar2(20 char) not null,
		description varchar2(200 char),
		enabled char(1) NOT NULL DEFAULT 'Y',
        primary key (id),
        unique (groupName)
    );
  </entry>
  <entry key="groupmembers.create">
	create table gs_usergroup_members (
		user_id number(19,0) not null, 
		group_id number(19,0) not null, 
		primary key (user_id, group_id)
	);
  </entry>
  
  <!-- use this to create sequence for autoincrement -->
  <entry key="groupmembers.indexcreate">
	CREATE SEQUENCE hibernate_sequence
    START WITH 1
    INCREMENT BY 1
    NO MINVALUE
    NO MAXVALUE
    CACHE 1;
    ALTER TABLE gs_user ADD COLUMN enabled  char(1)  NOT NULL DEFAULT 'Y';
    ALTER TABLE gs_usergroup ADD COLUMN enabled  char(1)  NOT NULL DEFAULT 'Y';
  </entry>

  <entry key="users.drop">drop table gs_user</entry>
  <entry key="userprops.drop">drop table gs_user_attribute</entry>
  <entry key="groups.drop">drop table gs_usergroup</entry>
  <entry key="groupmembers.drop">drop table gs_usergroup_members</entry>

  <!-- since GeoServer version 2.3.0 -->  
  <entry key="userprops.indexcreate1">
	CREATE INDEX idx_user_attribute_name ON gs_user_attribute USING btree (name)
  </entry>  
    <entry key="userprops.indexcreate2">
	CREATE INDEX idx_user_attribute_text ON gs_user_attribute USING btree (string)
  </entry>
  <!--  end GeoServer version 2.3.0 -->  	  
</properties>
